admin,Admin User,admin
student1,Sudan Pudasaini,student
sam1,Samrat,admin
sam0,Samrat,student
samrat,Samrat Tamrakar,student
ssss,ssss,student
sa,sa,student
Prabesh,Prabesh Phuyal,admin
Supritam,Supritam,student
Prabesh Phuyal,Prabesh,student
